brown_nosmile_C,blond_smile_S,ours_AB
001645.jpg,001193.jpg,001645001193.jpg
000398.jpg,001567.jpg,000398001567.jpg
000389.jpg,001979.jpg,000389001979.jpg
000215.jpg,000317.jpg,000215000317.jpg
000445.jpg,000510.jpg,000445000510.jpg
000862.jpg,000013.jpg,000862000013.jpg
001821.jpg,000029.jpg,001821000029.jpg
000373.jpg,001576.jpg,000373001576.jpg
000855.jpg,000485.jpg,000855000485.jpg
001702.jpg,001658.jpg,001702001658.jpg
001505.jpg,000567.jpg,001505000567.jpg
001210.jpg,000563.jpg,001210000563.jpg
000622.jpg,000223.jpg,000622000223.jpg
000474.jpg,001284.jpg,000474001284.jpg
000741.jpg,000133.jpg,000741000133.jpg
001786.jpg,000476.jpg,001786000476.jpg
000932.jpg,000837.jpg,000932000837.jpg
000261.jpg,001389.jpg,000261001389.jpg
000542.jpg,001516.jpg,000542001516.jpg
000541.jpg,001694.jpg,000541001694.jpg
001601.jpg,001683.jpg,001601001683.jpg
000006.jpg,000217.jpg,000006000217.jpg
000532.jpg,001908.jpg,000532001908.jpg
000748.jpg,000894.jpg,000748000894.jpg
000552.jpg,001500.jpg,000552001500.jpg
001012.jpg,000666.jpg,001012000666.jpg
001068.jpg,000974.jpg,001068000974.jpg
000975.jpg,001901.jpg,000975001901.jpg
001609.jpg,000454.jpg,001609000454.jpg
000103.jpg,000365.jpg,000103000365.jpg
000165.jpg,001967.jpg,000165001967.jpg
001111.jpg,000947.jpg,001111000947.jpg
000992.jpg,001607.jpg,000992001607.jpg
001654.jpg,000126.jpg,001654000126.jpg
001891.jpg,001589.jpg,001891001589.jpg
001325.jpg,000492.jpg,001325000492.jpg
001414.jpg,001462.jpg,001414001462.jpg
000920.jpg,001261.jpg,000920001261.jpg
000171.jpg,001347.jpg,000171001347.jpg
001154.jpg,001455.jpg,001154001455.jpg
000549.jpg,000322.jpg,000549000322.jpg
000664.jpg,001697.jpg,000664001697.jpg
001388.jpg,000228.jpg,001388000228.jpg
000807.jpg,001419.jpg,000807001419.jpg
000708.jpg,001525.jpg,000708001525.jpg
001798.jpg,000513.jpg,001798000513.jpg
000466.jpg,001970.jpg,000466001970.jpg
000597.jpg,001863.jpg,000597001863.jpg
001826.jpg,001777.jpg,001826001777.jpg
000557.jpg,001287.jpg,000557001287.jpg
000305.jpg,000122.jpg,000305000122.jpg
000443.jpg,000970.jpg,000443000970.jpg
001021.jpg,000804.jpg,001021000804.jpg
000590.jpg,001488.jpg,000590001488.jpg
000075.jpg,000982.jpg,000075000982.jpg
001267.jpg,001200.jpg,001267001200.jpg
001508.jpg,001881.jpg,001508001881.jpg
001413.jpg,001941.jpg,001413001941.jpg
001890.jpg,001280.jpg,001890001280.jpg
000755.jpg,000787.jpg,000755000787.jpg
001784.jpg,001739.jpg,001784001739.jpg
000994.jpg,001816.jpg,000994001816.jpg
001853.jpg,001359.jpg,001853001359.jpg
001685.jpg,000857.jpg,001685000857.jpg
001075.jpg,001915.jpg,001075001915.jpg
001768.jpg,001114.jpg,001768001114.jpg
000705.jpg,001234.jpg,000705001234.jpg
000706.jpg,000996.jpg,000706000996.jpg
001618.jpg,000872.jpg,001618000872.jpg
000598.jpg,000719.jpg,000598000719.jpg
001245.jpg,000899.jpg,001245000899.jpg
000607.jpg,000602.jpg,000607000602.jpg
000481.jpg,000895.jpg,000481000895.jpg
001406.jpg,001575.jpg,001406001575.jpg
001132.jpg,000278.jpg,001132000278.jpg
001118.jpg,000819.jpg,001118000819.jpg
001055.jpg,000420.jpg,001055000420.jpg
001142.jpg,001725.jpg,001142001725.jpg
001252.jpg,001014.jpg,001252001014.jpg
000890.jpg,000579.jpg,000890000579.jpg
001223.jpg,000334.jpg,001223000334.jpg
001554.jpg,001475.jpg,001554001475.jpg
001910.jpg,000822.jpg,001910000822.jpg
001495.jpg,001050.jpg,001495001050.jpg
001530.jpg,001899.jpg,001530001899.jpg
000067.jpg,000523.jpg,000067000523.jpg
000469.jpg,000588.jpg,000469000588.jpg
001681.jpg,001061.jpg,001681001061.jpg
001981.jpg,000599.jpg,001981000599.jpg
000085.jpg,001271.jpg,000085001271.jpg
000470.jpg,001016.jpg,000470001016.jpg
000928.jpg,001073.jpg,000928001073.jpg
001989.jpg,001958.jpg,001989001958.jpg
001729.jpg,001817.jpg,001729001817.jpg
000451.jpg,001732.jpg,000451001732.jpg
001355.jpg,000156.jpg,001355000156.jpg
000828.jpg,000943.jpg,000828000943.jpg
000032.jpg,001960.jpg,000032001960.jpg
001991.jpg,000218.jpg,001991000218.jpg
000685.jpg,001278.jpg,000685001278.jpg
